price,bed,bath,address,city,
"$859,900",3,1,1611 San Juan Ave ,Saanich BC,
"$1,399,900",4,4,3570 Delblush Lane ,Langford BC,
"$499,900",2,2,311-3931 Shelbourne St ,Saanich BC,
"$1,079,000",4,4,2-1810 Kings Rd ,Saanich BC,
"$589,800",3,1,107-2860 Sooke Lake Rd ,Langford BC,
"$549,900",2,1,202-118 Croft St ,Victoria BC,
"$1,179,000",2,2,901-373 Tyee Rd ,Victoria BC,
"$1,499,000",3,3,21-5187 Cordova Bay Rd ,Saanich BC,
"$669,900",2,2,501-1450 Glentana Rd ,View Royal BC,
"$3,100,000",2,2,PH1802-960 Yates St ,Victoria BC,
"$499,000",2,2,206-73 Gorge Rd W ,Saanich BC,
"$619,900",3,2,109-820 Brock Ave ,Langford BC,
"$849,900",3,2,4179 Quadra St ,Saanich BC,
"$1,300,000",3,3,2536 Garden St ,Victoria BC,
"$2,250,000",7,4,1824 Crescent Rd ,Victoria BC,
"$1,360,000",6,3,65 Kingham Pl ,View Royal BC,
"$1,050,000",3,3,17-500 Marsett Pl ,Saanich BC,
"$349,999",1,2,413-75 Gorge Rd W ,Saanich BC,
"$1,649,000",4,4,855 Richmond Ave ,Victoria BC,
"$4,500,000",5,5,4871 Excelsior Rd ,Saanich BC,
"$2,300,000",5,5,2552 Victor St ,Victoria BC,
"$525,000",1,1,204-3223 Selleck Way ,Colwood BC,
"$1,389,000",3,3,642 Niagara St ,Victoria BC,
"$1,998,000",5,5,2837 Austin Ave ,Saanich BC,
"$998,000",0,0,Lot B-4133 Rocky Mountain Rd ,Malahat BC,
"$1,399,000",3,2,1935 Runnymede Ave ,Victoria BC,
"$489,000",1,1,405-1121 Fort St ,Victoria BC,
"$449,900",2,2,499D-4678 Elk Lake Dr ,Saanich BC,
"$670,000",1,1,202-100 Saghalie Rd ,Victoria BC,
"$725,000",1,1,709-21 Dallas Rd ,Victoria BC,
"$1,099,888",3,2,1218 Wychbury Ave ,Esquimalt BC,
"$1,050,000",5,3,3973 Birchwood St ,Saanich BC,
"$925,000",4,2,1709 Fernwood Rd ,Victoria BC,
"$1,599,000",5,5,1925 Stanley Ave ,Victoria BC,
"$3,195,000",3,4,2367 Lairds Gate ,Langford BC,
"$410,000",1,1,308-7 Gorge Rd W ,Saanich BC,
"$769,000",2,2,303-1540 Belcher Ave ,Victoria BC,
"$549,900",1,1,215-767 Tyee Rd ,Victoria BC,
"$1,200,000",3,4,375 Bonaparte St ,Colwood BC,
"$898,500",2,3,3-1063 Valewood Trail ,Saanich BC,
"$1,439,000",5,3,4427 Rangemont Pl ,Saanich BC,
"$1,764,900",4,5,1172 Natures Gate ,Langford BC,
"$575,000",2,2,405-868 Orono Ave ,Langford BC,
"$1,850,000",6,3,350 Robertson St ,Victoria BC,
"$549,900",2,2,107-3915 Carey Rd ,Saanich BC,
"$1,299,900",4,4,373 Island Hwy ,View Royal BC,
"$1,269,980",4,2,4850 Elk Rd ,Saanich BC,
"$769,900",2,2,5-1717 Blair Ave ,Saanich BC,
"$1,784,900",4,3,311 Simcoe St ,Victoria BC,
"$1,390,000",2,2,302-986 Heywood Ave ,Victoria BC,
"$799,900",1,2,303-68 Songhees Rd ,Victoria BC,
"$589,900",2,2,204-1801 Fern St ,Victoria BC,
"$1,399,000",3,3,322 Clifton Terr ,Esquimalt BC,
"$859,000",4,3,9-2828 Shelbourne St ,Victoria BC,
"$550,000",1,1,401-838 Broughton St ,Victoria BC,
"$990,000",4,3,47 Bamford Crt ,View Royal BC,
"$739,900",1,2,105-373 Tyee Rd ,Victoria BC,
"$4,500,000",6,7,4573 Prospect Lake Rd ,Saanich BC,
"$740,000",2,2,207-4480 Chatterton Way ,Saanich BC,
"$1,295,000",4,4,3505 Richmond Rd ,Saanich BC,
"$599,900",1,2,208-1033 Cook St ,Victoria BC,
"$799,900",2,1,2731 Scott St ,Victoria BC,
"$699,000",3,2,2-954 Queens Ave ,Victoria BC,
"$674,900",2,3,2-255 Caspian Dr ,Colwood BC,
"$385,000",3,2,403-2880 Quadra St ,Victoria BC,
"$1,149,900",4,4,3440 Curlew St ,Colwood BC,
"$899,900",2,2,401-1488 Dallas Rd ,Victoria BC,
"$2,838,000",3,4,1297 Oakmount Rd ,Saanich BC,
"$830,000",2,1,444 Vincent Ave ,Saanich BC,
"$1,149,000",4,3,TH14-1810 Kings Rd ,Saanich BC,
"$1,888,000",5,4,3484 Wishart Rd ,Colwood BC,
"$525,000",2,2,404-868 Orono Ave ,Langford BC,
"$649,000",2,2,204-967 Whirlaway Cres ,Langford BC,
"$488,000",1,1,110-530 Goldstream Ave ,Langford BC,
"$1,299,000",6,3,4016 Morningside Close ,Saanich BC,
"$3,500,000",8,8,236 Dallas Rd ,Victoria BC,
"$539,900",2,2,409-900 Tolmie Ave ,Saanich BC,
"$529,000",2,2,101-1217 Pandora Ave ,Victoria BC,
"$1,389,000",2,2,205-1201 Fort St ,Victoria BC,
"$509,000",1,1,112-530 Goldstream Ave ,Langford BC,
"$699,900",1,1,604-828 Rupert Terr ,Victoria BC,
"$799,900",3,3,170-3501 Dunlin St ,Colwood BC,
"$839,900",4,4,109-827 Arncote Ave ,Langford BC,
"$2,900,000",5,4,936 Walfred Rd ,Langford BC,
"$985,000",4,2,1247 Garkil Rd ,Saanich BC,
"$950,000",3,3,1341 Vining St ,Victoria BC,
"$736,000",2,2,304-4000 Shelbourne St ,Saanich BC,
"$659,000",2,2,402-827 Fairfield Rd ,Victoria BC,
"$599,900",2,2,T102-105 Gorge Rd E ,Victoria BC,
"$795,000",2,1,1508-83 Saghalie Rd ,Victoria BC,
"$519,900",1,1,107-1020 Inverness Rd ,Saanich BC,
"$1,165,000",4,4,280 Caspian Dr ,Colwood BC,
"$619,000",3,3,407-3351 Luxton Rd ,Langford BC,
"$900,000",4,2,4086 Tracey St ,Saanich BC,
"$1,695,000",3,2,426 Arnold Ave ,Victoria BC,
"$545,000",1,1,503-515 Chatham St ,Victoria BC,
"$849,900",3,3,3314 Mesa Pl ,Langford BC,
"$699,900",3,3,105-3313 Radiant Way ,Langford BC,
"$599,999",1,1,420-1029 View St ,Victoria BC,
"$1,069,000",4,4,920 AQUA Crt ,Langford BC,
"$1,050,000",2,3,112-1244 Muirfield Pl ,Langford BC,
"$524,900",1,1,406-845 Yates St ,Victoria BC,
"$1,075,000",2,2,403-3223 Selleck Way ,Colwood BC,
"$350,000",1,1,305-1121 Esquimalt Rd ,Esquimalt BC,
"$589,900",1,1,303-1011 Burdett Ave ,Victoria BC,
"$625,000",0,0,538 Stonehouse Pl ,Colwood BC,
"$545,000",0,1,1210-83 Saghalie Rd ,Victoria BC,
"$2,399,999",4,4,2024 Troon Crt ,Langford BC,
"$599,900",1,1,1807-777 Herald St ,Victoria BC,
"$990,000",2,3,33-416 Dallas Rd ,Victoria BC,
"$579,000",2,2,306-1501 Richmond Ave ,Victoria BC,
"$2,250,000",4,4,1157 Spirit Crt ,Langford BC,
"$799,900",3,3,2657 Deville Rd ,Langford BC,
"$3,499,000",5,5,1493 Pebble Pl ,Langford BC,
"$1,349,000",3,3,561 Langvista Dr ,Langford BC,
"$870,000",3,2,2533 Cook St ,Victoria BC,
"$1,139,000",0,0,1007 Loch Glen Pl ,Langford BC,
"$459,900",0,0,Lot 52 Olympic Dr ,Shawnigan Lake BC,
"$499,888",2,2,202-1610 Jubilee Ave ,Victoria BC,
"$998,800",2,2,3315 Hockering Rd ,Colwood BC,
"$1,050,000",4,3,A-538 Cairndale Rd ,Colwood BC,
"$649,000",0,0,2851 Rita Rd ,Langford BC,
"$974,900",3,3,3402 Caldera Crt ,Langford BC,
"$717,000",3,4,113-2661 Deville Rd ,Langford BC,
"$365,000",1,2,101-71 Gorge Rd W ,Saanich BC,
"$709,000",3,2,21-3993 Columbine Way ,Saanich BC,
"$1,300,000",3,4,5068 Lakeridge Pl ,Saanich BC,
"$1,249,900",2,2,401-610 Johnson St ,Victoria BC,
"$3,495,000",5,4,5021 Cordova Bay Rd ,Saanich BC,
"$668,000",3,3,2685 Azalea Lane ,Langford BC,
"$429,000",2,1,103-3133 Tillicum Rd ,Saanich BC,
"$420,000",2,1,202-2844 Bryn Maur Rd ,Langford BC,
"$822,888",4,4,921 Whirlaway Cres ,Langford BC,
"$439,900",1,1,707-105 Gorge Rd E ,Victoria BC,
"$467,000",1,1,704-620 Toronto St ,Victoria BC,
"$1,399,900",5,4,Lot 4-3404 Salsbury Rise ,Saanich BC,
"$1,599,000",4,2,3931 Circle Dr ,Metchosin BC,
"$1,449,000",4,2,347 Ivor Rd ,Saanich BC,
"$524,900",2,1,211-2849 Peatt Rd ,Langford BC,
"$799,900",3,3,112-694 Hoylake Ave ,Langford BC,
"$519,500",2,2,205-535 Manchester Rd ,Victoria BC,
"$1,098,700",2,2,3-1013 Pendergast St ,Victoria BC,
"$535,000",1,1,301-613 Herald St ,Victoria BC,
"$1,195,000",2,2,108-455 Sitkum Rd ,Victoria BC,
"$525,000",2,2,30-840 Craigflower Rd ,Esquimalt BC,
"$819,000",2,2,303-4529 West Saanich Rd ,Saanich BC,
"$719,900",3,3,22-933 Admirals Rd ,Esquimalt BC,
"$1,099,000",3,3,10-33 Songhees Rd ,Victoria BC,
"$749,900",3,1,2464 Skedans Rd ,Langford BC,
"$399,900",1,1,408-834 Johnson St ,Victoria BC,
"$1,274,900",5,4,1165 Smokehouse Cres ,Langford BC,
"$489,000",2,1,406-325 Maitland St ,Victoria BC,
"$625,000",2,2,124-984 Dunford Ave ,Langford BC,
"$599,900",2,2,205-150 Nursery Hill Dr ,View Royal BC,
"$594,900",2,2,505-777 Blanshard St ,Victoria BC,
"$1,795,000",3,3,21-4771 Cordova Bay Rd ,Saanich BC,
"$1,100,000",0,0,5113 Del Monte Ave ,Saanich BC,
"$3,125,000",4,2,1966 Gillespie Rd ,Sooke BC,
"$1,099,000",5,4,947 Gade Rd ,Langford BC,
"$1,100,000",3,3,2404 Chilco Rd ,View Royal BC,
"$750,000",0,0,534 Stonehouse Pl ,Colwood BC,
"$1,299,000",3,3,2376 Fleetwood Crt ,Langford BC,
"$599,900",1,2,202-3234 Holgate Lane ,Colwood BC,
"$679,900",1,1,105-70 Saghalie Rd ,Victoria BC,
"$969,000",3,3,1178 Deer Meadow ,Langford BC,
"$619,000",2,2,416-2710 Jacklin Rd ,Langford BC,
"$689,900",2,2,501-36 South Turner St ,Victoria BC,
"$589,900",1,2,603-1075 Tillicum Rd ,Esquimalt BC,
"$549,000",2,2,102-1514 Church Ave ,Saanich BC,
"$495,000",1,1,305-845 Johnson St ,Victoria BC,
"$989,000",4,3,875 Phoenix St ,Esquimalt BC,
"$1,549,999",5,3,1315 Minto St ,Victoria BC,
"$399,900",1,1,N203-1105 Pandora Ave ,Victoria BC,
"$395,000",1,1,602-868 Orono Ave ,Langford BC,
"$618,500",1,1,1403-989 Johnson St ,Victoria BC,
"$739,000",1,2,8-1473 Garnet Rd ,Saanich BC,
"$999,900",4,4,3360 Piper Rd ,Langford BC,
"$794,900",2,2,901-4515 Pipeline Rd ,Saanich BC,
"$1,600,000",4,3,1117 Conforti Pl ,Saanich BC,
"$2,750,000",3,3,1312 Mt. Douglas Cross Rd ,Saanich BC,
"$1,025,000",3,3,1416 Grant St ,Victoria BC,
"$249,900",1,1,326-964 Heywood Ave ,Victoria BC,
"$695,000",2,2,504-881 Short St ,Saanich BC,
"$665,000",3,2,309-79 Gorge Rd W ,Saanich BC,
"$675,000",3,2,106-2766 Peatt Rd ,Langford BC,
"$569,900",1,1,212-599 Pandora Ave ,Victoria BC,
"$699,800",2,2,508-225 Belleville St ,Victoria BC,
"$749,900",1,2,A6-453 Head St ,Esquimalt BC,
"$649,000",2,1,101-1110 Oscar St ,Victoria BC,
"$605,000",1,1,909-225 Belleville St ,Victoria BC,
"$624,900",2,2,204-1016 Inverness Rd ,Saanich BC,
"$499,900",1,1,1804-845 Johnson St ,Victoria BC,
"$2,399,000",4,5,4750 Talon Ridge ,Highlands BC,
"$649,900",3,2,A-590 Donovan Ave ,Colwood BC,
"$1,237,000",4,4,2013 Hawkins Pl ,Highlands BC,
"$574,900",2,2,1404-1630 Quadra St ,Victoria BC,
"$410,000",1,1,302-2843 Jacklin Rd ,Langford BC,
"$739,900",3,3,101-3319 RADIANT Way ,Langford BC,
"$1,999,990",7,6,1035 Ferncliffe Pl ,Metchosin BC,
"$1,399,000",5,5,667 Goyette Rd ,Saanich BC,
"$949,900",3,3,2727 Winster Rd ,Langford BC,
"$2,299,900",5,6,5020 Stag Rd ,Highlands BC,
"$574,900",2,2,207-1145 Hilda St ,Victoria BC,
"$1,149,000",2,2,8-910 Maltwood Terr ,Saanich BC,
"$739,000",1,1,626-21 Dallas Rd ,Victoria BC,
"$490,100",2,2,404-1615 Belcher Ave ,Victoria BC,
"$1,135,000",2,2,207-550 Michigan St ,Victoria BC,
"$1,099,000",4,4,3314 Piper Rd ,Langford BC,
"$1,399,000",4,3,2157 Stone Gate ,Langford BC,
"$850,000",4,4,3339 Turnstone Dr ,Langford BC,
"$930,000",2,2,408-21 Dallas Rd ,Victoria BC,
"$948,900",1,1,5199 Sark Rd ,Saanich BC,
"$999,888",4,2,3166 Donald St ,Saanich BC,
"$999,900",5,2,4843 Cordova Bay Rd ,Saanich BC,
"$618,000",0,0,643 Medalist Ave ,Colwood BC,
"$515,000",1,1,5-230 Wilson St ,Victoria BC,
"$562,900",2,2,401-3157 Tillicum Rd ,Saanich BC,
"$519,000",2,2,314-290 Island Hwy ,View Royal BC,
"$849,900",4,1,1498 Myrtle Ave ,Victoria BC,
"$475,000",1,1,607-777 Blanshard St ,Victoria BC,
"$515,000",2,1,105-1010 Bristol Rd ,Saanich BC,
"$575,000",1,1,1206-989 Johnson St ,Victoria BC,
"$1,398,000",4,3,34 Carly Lane ,View Royal BC,
"$679,000",2,2,404-2850 Aldwynd Rd ,Langford BC,
"$425,000",2,1,104-290 Regina Ave ,Saanich BC,
"$1,099,900",6,2,981 Tattersall Dr ,Saanich BC,
"$1,575,000",4,3,761 Piedmont Dr ,Saanich BC,
"$649,900",3,2,218-2710 Jacklin Rd ,Langford BC,
"$429,900",1,1,304-3215 Rutledge St ,Saanich BC,
"$925,000",2,2,4-4318 Emily Carr Dr ,Saanich BC,
"$499,900",1,1,401-494 Marsett Pl ,Saanich BC,
"$2,999,990",5,8,3940 Himount Dr ,Metchosin BC,
"$3,649,900",5,4,2054 Pinehurst Terr ,Langford BC,
"$1,224,900",4,4,1120 Monica Terr ,Langford BC,
"$682,000",3,3,105-2920 Phipps Rd ,Langford BC,
"$2,770,000",0,0,200/202 Hart Rd ,View Royal BC,
"$499,900",2,2,107-3969 Shelbourne St ,Saanich BC,
"$975,000",2,2,405-732 Cormorant St ,Victoria BC,
"$274,900",1,2,147-2500 Florence Lake Rd ,Langford BC,
"$724,900",1,1,803-373 Tyee Rd ,Victoria BC,
"$1,095,000",3,2,903 Admirals Rd ,Esquimalt BC,
"$1,279,999",5,4,3448 Sparrowhawk Ave ,Colwood BC,
"$809,900",2,2,408-1100 Yates St ,Victoria BC,
"$550,000",2,2,201-1615 Bay St ,Victoria BC,
"$499,000",2,2,116-3969 Shelbourne St ,Saanich BC,
"$1,064,900",3,3,3381 Sandpiper St ,Colwood BC,
"$2,699,000",5,4,1520 Regents Pl ,Victoria BC,
"$1,484,000",4,3,1417 Anna Clare Pl ,Saanich BC,
"$999,999",5,3,628 Cairndale Rd ,Colwood BC,
"$1,060,000",2,2,N106-737 Humboldt St ,Victoria BC,
"$1,049,900",4,2,1200 Reynolds Rd ,Saanich BC,
"$919,900",2,3,710-1100 Yates St ,Victoria BC,
"$829,900",2,2,1009-1100 Yates St ,Victoria BC,
"$599,999",2,2,305-967 Whirlaway Cres ,Langford BC,
"$1,750,000",5,3,1198 Sunnybank Crt ,Saanich BC,
"$939,900",3,3,30-3080 Washington Ave ,Victoria BC,
"$849,000",3,2,1511 Bay St ,Victoria BC,
"$675,000",3,3,1104-3351 Luxton Rd ,Langford BC,
"$474,900",2,2,207-3969 Shelbourne St ,Saanich BC,
"$1,375,000",3,3,403-430 Parry St ,Victoria BC,
"$549,999",2,3,3-3255 Rutledge St ,Saanich BC,
"$1,049,000",2,1,609 Moss St ,Victoria BC,
"$420,000",2,2,101-1116 Queens Ave ,Victoria BC,
"$429,000",1,1,202-844 Goldstream Ave ,Langford BC,
"$1,599,000",4,3,116-1720 Fairfield Rd ,Victoria BC,
"$1,299,000",6,4,3935 Blue Valley Rd ,Highlands BC,
"$709,900",2,3,34-255 Caspian Dr ,Colwood BC,
"$649,000",2,2,104-139 Clarence St ,Victoria BC,
"$375,000",0,1,603-629 Speed Ave ,Victoria BC,
"$675,000",2,2,405-456 Linden Ave ,Victoria BC,
"$899,999",2,2,N409-737 Humboldt St ,Victoria BC,
"$389,000",1,1,201-1032 Inverness Rd ,Saanich BC,
"$529,800",2,2,404-1361 Hillside Ave ,Victoria BC,
"$659,900",2,2,412-1083 Tillicum Rd ,Esquimalt BC,
"$950,000",3,2,2419 Fleetwood Crt ,Langford BC,
"$3,100,000",4,4,748 Pemberton Rd ,Victoria BC,
"$89,900",2,3,242/244-1999 Country Club Way ,Langford BC,
"$535,000",1,1,201-613 Herald St ,Victoria BC,
"$675,000",3,3,101-3335 Radiant Way ,Langford BC,
"$949,900",3,3,3360 Ryder Hesjedal Way ,Colwood BC,
"$2,199,900",4,4,1705 De Sousa Pl ,Saanich BC,
"$899,000",5,2,856 Cecil Blogg Dr ,Colwood BC,
"$699,900",5,2,731 Princess Ave ,Victoria BC,
"$344,900",1,1,214-1075 Tillicum Rd ,Esquimalt BC,
"$375,000",0,1,605-629 Speed Ave ,Victoria BC,
"$385,000",0,1,610-629 Speed Ave ,Victoria BC,
"$730,000",1,2,114-365 Waterfront Cres ,Victoria BC,
"$389,000",1,1,503-1630 Quadra St ,Victoria BC,
"$900,000",3,3,4-2923 Shelbourne St ,Victoria BC,
"$1,580,000",5,4,4066 Beam Cres ,Saanich BC,
"$965,000",2,2,4-3281 Maplewood Rd ,Saanich BC,
"$1,189,000",3,4,17-630 Brookside Rd ,Colwood BC,
"$1,099,000",3,2,1428 Edgeware Rd ,Victoria BC,
"$1,399,900",5,3,1721 Midgard Ave ,Saanich BC,
"$1,328,000",4,3,3341 Sandpiper St ,Colwood BC,
"$824,900",3,3,2-4525 Wilkinson Rd ,Saanich BC,
"$895,000",2,2,1770 Falcon Heights Rd ,Langford BC,
"$394,900",1,1,317-1029 View St ,Victoria BC,
"$1,029,980",3,3,10-1030 Hulford St ,Saanich BC,
"$535,000",1,1,106-881 Short St ,Saanich BC,
"$869,800",3,2,660 Millstream Lake Rd ,Highlands BC,
"$1,399,000",3,4,1194 Kangaroo Rd ,Metchosin BC,
"$1,199,999",7,3,3344 Painter Rd ,Colwood BC,
"$1,175,000",2,2,208-68 Songhees Rd ,Victoria BC,
"$1,499,900",3,3,636 Granrose Terr ,Colwood BC,
"$369,900",1,1,207-1121 Fort St ,Victoria BC,
"$619,000",1,1,206-1588 North Dairy Rd ,Saanich BC,
"$499,000",1,1,301-4030 Borden St ,Saanich BC,
"$674,900",2,2,302-150 Nursery Hill Dr ,View Royal BC,
"$1,619,000",3,3,449 Moss St ,Victoria BC,
"$1,499,999",6,5,3540 Joy Close ,Langford BC,
"$1,050,000",3,2,545 Fernridge Pl ,Saanich BC,
"$429,000",2,1,313-1505 Church Ave ,Saanich BC,
"$999,900",5,2,544 Stornoway Dr ,Colwood BC,
"$799,800",3,3,629 Selwyn Close ,Langford BC,
"$649,900",3,2,B-420 Goldstream Ave ,Colwood BC,
"$1,600,000",4,2,1111 Catherine St ,Victoria BC,
"$899,900",0,0,515 Burnside Rd E ,Victoria BC,
"$1,230,000",5,4,579 Bezanton Way ,Colwood BC,
"$685,000",2,2,401-1400 Lynburne Pl ,Langford BC,
"$889,000",3,2,T202-103 Gorge Rd E ,Victoria BC,
"$949,000",2,2,104-66 Songhees Rd ,Victoria BC,
"$859,000",3,1,749 Genevieve Rd ,Saanich BC,
"$849,900",4,3,3223 Wishart Rd ,Colwood BC,
"$675,000",3,2,2434 Richmond Rd ,Victoria BC,
"$2,400,000",6,4,1164/1166 Rhoda Lane ,Esquimalt BC,
"$2,999,000",8,5,3067 Shoreview Dr ,Langford BC,
"$1,449,900",0,0,835 Oak Shade Lane ,Victoria BC,
"$268,000",1,1,315-777 Cook St ,Victoria BC,
"$799,900",2,1,119 Oswego St ,Victoria BC,
"$489,000",2,2,703-1026 Johnson St ,Victoria BC,
"$849,000",3,2,112-1201 Nova Crt ,Langford BC,
"$1,068,900",3,3,3372 Rothnie Pl ,Colwood BC,
"$564,000",2,2,205-280 Island Hwy ,View Royal BC,
"$1,039,000",4,2,534 Tait St ,Saanich BC,
"$509,000",2,2,603-2843 Jacklin Rd ,Langford BC,
"$529,000",2,1,402-327 Maitland St ,Victoria BC,
"$1,399,900",5,5,3588 Paperbark Cres ,Langford BC,
"$2,489,999",4,4,1432 Pinehurst Pl ,Langford BC,
"$399,900",2,1,201-190 Gorge Rd W ,Saanich BC,
"$1,139,000",4,3,2577 Legacy Ridge ,Langford BC,
"$999,900",4,3,2945 Colquitz Ave ,Saanich BC,
"$1,999,995",5,6,927 Beckwith Ave ,Saanich BC,
"$970,000",4,3,3357 Swindell Cres ,Colwood BC,
"$939,900",3,2,3834 Quadra St ,Saanich BC,
"$1,159,900",3,3,3412 Caldera Crt ,Langford BC,
"$775,000",2,2,201-916 Lyall St ,Esquimalt BC,
"$1,299,900",4,4,1021 Sandalwood Crt ,Langford BC,
"$2,599,900",5,5,2018 Pinehurst Terr ,Langford BC,
"$378,888",1,1,605-1630 Quadra St ,Victoria BC,
"$639,900",2,2,319-1325 Bear Mountain Pkwy ,Langford BC,
"$489,900",1,1,101-1519 Hillside Ave ,Victoria BC,
"$3,950,000",4,4,935 Royal Terr ,Victoria BC,
"$370,000",1,1,202-845 Johnson St ,Victoria BC,
"$619,000",1,1,1408-989 Johnson St ,Victoria BC,
"$1,899,000",4,5,664 Medalist Ave ,Colwood BC,
"$1,225,000",5,4,1018 Golden Spire Cres ,Langford BC,
"$1,985,000",5,5,668 Medalist Ave ,Colwood BC,
"$1,140,000",2,3,106-1035 Sutlej St ,Victoria BC,
"$409,900",2,2,131-2500 Florence Lake Rd ,Langford BC,
"$614,900",2,2,520-623 Treanor Ave ,Langford BC,
"$540,000",0,0,3342 West Oak Pl ,Langford BC,
"$1,849,900",4,3,5380 Basinview Hts ,Sooke BC,
"$1,400,000",3,2,801-399 Tyee Rd ,Victoria BC,
"$535,000",1,1,222-515 Chatham St ,Victoria BC,
"$899,900",3,3,2111 Echo Valley Crt ,Langford BC,
"$1,324,999",4,4,396 Royal Bay Dr ,Colwood BC,
"$1,149,000",3,2,412 Treebank Rd E ,Esquimalt BC,
"$484,900",1,1,505-2745 Veterans Memorial Pkwy ,Langford BC,
"$329,900",1,1,202-190 Gorge Rd W ,Saanich BC,
"$684,900",2,2,303-3111C Havenwood Lane ,Colwood BC,
"$1,298,000",5,4,953 Arden Rd ,Metchosin BC,
"$599,999",3,2,14-379 Wale Rd ,Colwood BC,
"$779,000",2,2,S315-1411 Cook St ,Victoria BC,
"$699,900",3,3,101-3313 RADIANT Way ,Langford BC,
"$599,900",2,2,103-4030 Borden St ,Saanich BC,
"$4,325,000",6,4,5149 Cordova Bay Rd ,Saanich BC,
"$4,250,000",0,0,SL1-10 Unnamed Street Lane ,Langford BC,
"$599,900",2,2,1-1827 Chestnut St ,Victoria BC,
"$542,000",1,1,102-595 Pandora Ave ,Victoria BC,
"$524,900",2,2,408-2745 Veterans Memorial Pkwy ,Langford BC,
"$599,900",3,2,409-79 Gorge Rd W ,Saanich BC,
"$560,000",2,1,203-1151 Oscar St ,Victoria BC,
"$574,900",2,2,207-1020 View St ,Victoria BC,
"$2,350,000",4,5,2006 Pinehurst Terr ,Langford BC,
"$1,799,900",0,0,976 Dunford Ave ,Langford BC,
"$599,000",2,2,305-562 Rithet St ,Victoria BC,
"$399,900",1,1,205-848 Esquimalt Rd ,Esquimalt BC,
"$2,999,999",5,5,2709 Goldstone Hts ,Langford BC,
"$1,189,000",5,3,2994 Leigh Pl ,Langford BC,
"$999,900",2,3,216-365 Waterfront Cres ,Victoria BC,
"$995,000",2,2,700-1234 Wharf St ,Victoria BC,
"$599,000",1,1,907-622 Admirals Rd ,Esquimalt BC,
"$669,900",2,2,203-73 Gorge Rd W ,Saanich BC,
"$1,995,000",5,3,946 Klahanie Dr ,Langford BC,
"$450,000",1,1,101-280 Island Hwy ,View Royal BC,
"$1,150,000",2,3,25 Cook St ,Victoria BC,
"$700,000",1,1,310-21 Erie St ,Victoria BC,
"$1,389,000",2,2,7-942 Boulderwood Rise ,Saanich BC,
"$661,395",2,2,609-530 Goldstream Ave ,Langford BC,
"$1,250,000",3,2,3891 Braefoot Rd ,Saanich BC,
"$1,299,900",4,4,3365 Ryder Hesjedal Way ,Colwood BC,
"$549,900",0,0,2554 Murre Crt ,Langford BC,
"$587,894",2,2,215-530 Goldstream Ave ,Langford BC,
"$1,300,000",6,4,1065 Torrance Ave ,Langford BC,
"$1,995,999",6,4,966 Saturna Pl ,Saanich BC,
"$349,900",3,1,401-1124 Esquimalt Rd ,Esquimalt BC,
"$2,349,900",6,6,2283 Nicklaus Dr ,Langford BC,
"$1,239,000",5,4,1192 Smokehouse Cres ,Langford BC,
"$499,900",2,2,401-3460 Quadra St ,Saanich BC,
"$2,220,000",2,3,617-845 Dunsmuir Rd ,Esquimalt BC,
"$2,249,900",4,5,1141 Spirit Crt ,Langford BC,
"$694,900",2,2,314-1400 Lynburne Pl ,Langford BC,
"$499,000",2,2,1-1120 Richardson St ,Victoria BC,
"$862,600",0,0,3927 Douglas St ,Saanich BC,
"$599,000",1,1,104-916 Lyall St ,Esquimalt BC,
"$499,000",2,2,208-689 Bay St ,Victoria BC,
"$999,000",2,1,4 Helmcken Rd ,View Royal BC,
"$1,750,000",4,4,1520 Pembroke St ,Victoria BC,
"$929,000",3,3,10-2330 Sooke Rd ,Colwood BC,
"$599,900",2,2,407-1325 Bear Mountain Pkwy ,Langford BC,
"$259,900",0,1,908-647 Michigan St ,Victoria BC,
"$1,390,000",2,3,512-68 Songhees Rd ,Victoria BC,
"$2,895,000",5,4,724 Bossi Pl ,Saanich BC,
"$1,378,888",5,3,3582 Delblush Lane ,Langford BC,
"$749,900",2,2,N309-1105 Pandora Ave ,Victoria BC,
"$629,000",2,2,22-850 Parklands Dr ,Esquimalt BC,
"$1,599,000",7,4,728 Miller Ave ,Saanich BC,
"$775,000",4,4,3422 Vision Way ,Langford BC,
"$394,900",1,1,508-1029 View St ,Victoria BC,
"$865,000",4,2,3376 Happy Valley Rd ,Langford BC,
"$2,600,000",0,0,805-811 Mary St ,Victoria BC,
"$430,000",1,1,305-4050 Douglas St ,Saanich BC,
"$854,900",3,3,2814 Turnstyle Cres ,Langford BC,
"$899,900",2,3,4-1521 Belcher Ave ,Victoria BC,
"$3,000,000",3,3,900-636 Montreal St ,Victoria BC,
"$899,000",2,2,303-1085 Tillicum Rd ,Esquimalt BC,
"$1,200,000",4,2,1501 Cranbrook Pl ,Saanich BC,
"$1,099,999",4,4,2538 Sandstone Hts ,Langford BC,
"$869,900",2,2,406-916 Lyall St ,Esquimalt BC,
"$599,000",2,2,314-662 Goldstream Ave ,Langford BC,
"$1,125,000",3,2,2844 Meridian Ave ,Langford BC,
"$679,900",2,2,101-3564 Ryder Hesjedal Way ,Colwood BC,
"$625,000",1,1,319-989 Johnson St ,Victoria BC,
"$369,900",0,1,208-1061 Fort St ,Victoria BC,
"$575,000",3,1,207-853 SELKIRK Ave ,Esquimalt BC,
"$559,900",0,0,2550 Murre Crt ,Langford BC,
"$1,000,000",3,4,3156 Carroll St ,Victoria BC,
"$549,900",0,0,2559 Murre Crt ,Langford BC,
"$1,990,000",8,4,776/778 Royal Oak Ave ,Saanich BC,
"$799,000",2,2,3-137 Gorge Rd E ,Victoria BC,
"$899,900",5,2,1844 Connie Rd ,Sooke BC,
"$389,900",2,1,52-2817 Sooke Lake Rd ,Langford BC,
"$1,049,888",3,3,6-2151 Burnside Rd W ,View Royal BC,
"$724,900",2,2,307-2930 Cook St ,Victoria BC,
"$709,900",2,3,22-255 Caspian Dr ,Colwood BC,
"$2,000,000",4,3,1007 Kentwood Pl ,Saanich BC,
"$695,000",3,2,386 Atkins Ave ,Langford BC,
"$929,900",0,0,Lot 5-3402 Salsbury Rise ,Saanich BC,
"$1,099,900",4,2,4302 Quadra St ,Saanich BC,
"$3,100,000",2,3,410-521 Courtney St ,Victoria BC,
"$699,800",2,2,207-740 Travino Lane ,Saanich BC,
"$925,000",3,1,903 Shirley Rd ,Esquimalt BC,
"$949,000",2,2,409-5120 Cordova Bay Rd ,Saanich BC,
"$749,900",3,3,106-2130 Triangle Trail ,Langford BC,
"$999,000",0,0,Lot 2-5147 Del Monte Ave ,Saanich BC,
"$999,000",0,0,Lot 4-5147 Del Monte Ave ,Saanich BC,
"$1,799,999",5,4,1161 Spirit Crt ,Langford BC,
"$1,249,900",2,2,300-636 Montreal St ,Victoria BC,
"$799,000",2,2,301-373 Tyee Rd ,Victoria BC,
"$759,900",3,3,102-2130 Triangle Trail ,Langford BC,
"$1,125,000",6,2,555 Broadway St ,Saanich BC,
"$850,000",4,3,972 Cavalcade Terr ,Langford BC,
"$999,000",2,2,203-5120 Cordova Bay Rd ,Saanich BC,
"$599,000",1,1,1407-83 Saghalie Rd ,Victoria BC,
"$949,000",4,2,2906 Quadra St ,Victoria BC,
"$1,299,000",4,4,3553 Joy Close ,Langford BC,
"$1,300,000",0,0,3468 Happy Valley Rd ,Langford BC,
"$599,000",1,1,203-916 Lyall St ,Esquimalt BC,
"$550,000",1,1,317-409 Swift St ,Victoria BC,
"$885,000",4,4,13 Trailhead Cir ,Shawnigan Lake BC,
"$595,000",1,1,601-1029 View St ,Victoria BC,
"$679,900",2,3,1113 Pullman Close ,Langford BC,
"$850,000",2,2,1407-989 Johnson St ,Victoria BC,
"$1,089,000",4,2,617 Bryden Crt ,Esquimalt BC,
"$1,150,000",3,2,3498 Dunlin St ,Colwood BC,
"$1,200,000",2,2,1003 Scottswood Lane ,Saanich BC,
"$439,900",1,1,455E-4678 Elk Lake Dr ,Saanich BC,
"$1,199,900",3,3,7-4360 Emily Carr Dr ,Saanich BC,
"$549,900",0,0,3192 Fifth St ,Victoria BC,
"$575,000",2,2,105-1040 Southgate St ,Victoria BC,
"$599,900",2,2,20-4140 Interurban Rd ,Saanich BC,
"$1,379,900",5,4,3562 Delblush Lane ,Langford BC,
"$1,050,000",5,3,1320 Pandora Ave ,Victoria BC,
"$1,149,900",4,3,2 Alexis Pl ,View Royal BC,
"$1,382,900",5,3,3590 Delblush Lane ,Langford BC,
"$4,800,000",3,5,1006/1007-100 Saghalie Rd ,Victoria BC,
"$2,395,000",0,0,928 Bay St ,Victoria BC,
"$1,380,000",4,3,3445 Sandpiper St ,Colwood BC,
"$679,900",2,3,211-1325 Bear Mountain Pkwy ,Langford BC,
"﻿""875","000""",2,2,504-1033 Cook St ,Victoria BC
"$1,149,000",3,1,326 Irving Rd ,Victoria BC,
"$1,050,000",0,0,1320 Pandora Ave ,Victoria BC,
"$1,076,000",3,2,2867 Murray Dr ,Saanich BC,
"$1,149,000",4,4,612 Belton Ave ,Victoria BC,
"$469,000",1,1,2692 Deville Rd ,Langford BC,
"$735,900",3,3,115-2661 Deville Rd ,Langford BC,
"$1,349,717",5,4,3960 Helen Rd ,Saanich BC,
"$2,450,000",4,2,690 Dallas Rd ,Victoria BC,
"$699,000",3,2,2830 Carlow Rd ,Langford BC,
"$425,000",1,1,402-2747 Jacklin Rd ,Langford BC,
"$1,236,780",4,4,1274 Centauri Dr ,Langford BC,
"$1,005,756",3,3,1273 Centauri Dr ,Langford BC,
"$1,236,900",4,4,2939 Constellation Ave ,Langford BC,
"$1,406,335",5,4,2923 Constellation Ave ,Langford BC,
"$669,000",0,1,304-562 Yates St ,Victoria BC,
"$549,900",1,1,701-1029 View St ,Victoria BC,
"$1,549,000",4,4,846 Rogers Way ,Saanich BC,
"$1,999,900",0,0,3876 Holland Ave ,Saanich BC,
"$539,900",2,1,209-105 Gorge Rd E ,Victoria BC,
"$499,000",2,2,307-1521 Church Ave ,Saanich BC,
"$1,495,000",5,2,316 Arnold Ave ,Victoria BC,
"$2,288,000",4,4,4335 Shelbourne St ,Saanich BC,
"$2,288,000",4,4,4333 Shelbourne St ,Saanich BC,
"$1,699,000",5,4,3432 Caldera Crt ,Langford BC,
"$599,900",1,1,702-751 Fairfield Rd ,Victoria BC,
"$7,880,000",7,8,4823 Major Rd ,Saanich BC,
"$2,499,900",6,6,1120 Faithful St ,Victoria BC,
"$1,699,000",5,4,1 Arbordale Ave ,Saanich BC,
"$869,900",5,2,3170 Alder St ,Victoria BC,
"$525,000",2,2,312-545 Manchester Rd ,Victoria BC,
"$564,900",2,1,405-620 Toronto St ,Victoria BC,
"$714,900",2,2,705-1020 View St ,Victoria BC,
"$367,500",2,2,407-69 Gorge Rd W ,Saanich BC,
"$318,900",2,2,98-2500 Florence Lake Rd ,Langford BC,
"$1,475,000",5,3,1487 Myrtle Ave ,Victoria BC,
"$1,299,000",4,4,1130 Golden Spire Cres ,Langford BC,
"$1,500,000",4,2,1212 Craigflower Rd ,Esquimalt BC,
"$799,000",3,3,50-486 Royal Bay Dr ,Colwood BC,
"$534,900",2,2,805-930 Yates St ,Victoria BC,
"$575,000",1,1,211-916 Lyall St ,Esquimalt BC,
"$1,475,000",3,4,863 Walfred Rd ,Langford BC,
"$509,900",2,2,302-799 Blackberry Rd ,Saanich BC,
"$779,000",0,0,3335 Doncaster Dr ,Saanich BC,
"$625,000",0,0,741 Grousewood Pl ,Colwood BC,
"$1,759,000",5,4,25 & 27 Cambridge St ,Victoria BC,
"$1,099,999",4,4,931 Lavender Ave ,Saanich BC,
"$999,000",2,2,406-455 Sitkum Rd ,Victoria BC,
"$455,000",1,1,206-3244 Seaton St ,Saanich BC,
"$499,000",2,2,310-894 Vernon Ave ,Saanich BC,
"$799,000",2,2,409-405 Quebec St ,Victoria BC,
"$1,499,000",4,3,1123 Timber View ,Langford BC,
"$1,589,000",5,4,1407 Chambers St ,Victoria BC,
"$949,900",2,2,504-5110 Cordova Bay Rd ,Saanich BC,
"$1,250,000",3,3,703 Bexhill Rd ,Colwood BC,
"$499,900",1,1,313-258 Helmcken Rd ,View Royal BC,
"$1,149,900",3,2,3342 Sandpiper St ,Colwood ON,
"$400,000",2,2,203-1485 Garnet Rd ,Saanich BC,
"$684,500",2,2,101-3111B Havenwood Lane ,Colwood BC,
"$899,000",2,2,s605-737 Humboldt St ,Victoria BC,
"$1,399,999",4,3,159 Levista Pl ,View Royal BC,
"$1,350,000",2,1,4686 Kerryview Dr ,Saanich BC,
"$749,900",2,2,401-258 Helmcken Rd ,View Royal BC,
"$699,900",2,2,501-258 Helmcken Rd ,View Royal BC,
"$499,900",1,1,405-258 Helmcken Rd ,View Royal BC,
"$1,579,800",4,4,708 Demel Pl ,Colwood BC,
"$550,000",2,2,402-898 Vernon Ave ,Saanich BC,
"$998,000",3,2,848 Reed St ,Victoria BC,
"$2,190,000",5,4,1457 Pebble Pl ,Langford BC,
"$549,000",1,2,410S-2588 Savory Rd ,Langford BC,
"$975,000",0,0,4080/82 Blenkinsop Rd ,Saanich BC,
"$1,999,999",0,0,845 Princess Ave ,Victoria BC,
"$765,240",2,2,208S-2588 Savory Rd ,Langford BC,
"$539,000",1,1,310S-2588 Savory Rd ,Langford BC,
"$525,000",1,1,414S-2588 Savory Rd ,Langford BC,
"$650,000",0,0,872 Walfred Rd ,Langford BC,
"$575,170",1,1,512S-2588 Savory Rd ,Langford BC,
"$755,000",2,2,14-850 Parklands Dr ,Esquimalt BC,
"$838,950",2,2,602S-2588 Savory Rd ,Langford BC,
"$786,450",2,2,505S-2588 Savory Rd ,Langford BC,
"$681,450",2,2,101S-2588 Savory Rd ,Langford BC,
"$629,000",2,1,409S-2588 Savory Rd ,Langford BC,
"$829,900",2,2,314-5120 Cordova Bay Rd ,Saanich BC,
"$2,550,000",4,5,2160 Champions Way ,Langford BC,
"$579,900",0,0,3271 Galloway Rd ,Colwood BC,
"$499,900",0,0,5450 Sooke Rd ,Sooke BC,
"$749,900",2,2,1601-845 Johnson St ,Victoria BC,
"$489,900",1,1,301-845 Johnson St ,Victoria BC,
"$1,450,000",0,1,3903 Shelbourne St ,Saanich BC,
"$349,900",0,1,208-932 Johnson St ,Victoria BC,
"$990,000",5,2,3721 Happy Valley Rd ,Metchosin BC,
"$1,450,000",0,1,3907 Shelbourne St ,Saanich BC,
"$1,450,000",0,1,3905 Shelbourne St ,Saanich BC,
"$1,450,000",0,1,3909 Shelbourne St ,Saanich BC,
"$1,450,000",0,1,3901 Shelbourne St ,Saanich BC,
"$1,450,000",0,1,1570 Mortimer St ,Saanich BC,
"$1,999,999",0,0,1024 Pakington St ,Victoria BC,
"$699,900",2,1,1202-845 Johnson St ,Victoria BC,
"$639,900",2,1,309-845 Johnson St ,Victoria BC,
"$299,000",0,0,LT 13 Trailhead Cir ,Shawnigan Lake BC,
"$589,900",2,2,102-1075 Tillicum Rd ,Esquimalt BC,
"$724,900",2,2,204-1075 Tillicum Rd ,Esquimalt BC,
"$995,000",0,0,4171 Cedar Hill Rd ,Saanich BC,
"$5,500,000",0,8,5105 & 5109 Cordova Bay Rd ,Saanich BC,
"$1,149,900",2,2,N311-737 Humboldt St ,Victoria BC,
"$1,198,000",2,2,807-225 Belleville St ,Victoria BC,
"$8,950,000",0,0,656 Admirals Rd ,Esquimalt BC,
"$8,950,000",0,0,656 Admirals Rd ,Esquimalt BC,
"$933,333",2,1,3188 Ayton Pl ,Langford BC,
"$933,333",3,1,3190 Ayton Pl ,Langford BC,
"$933,333",5,2,3186 Ayton Pl ,Langford BC,
"$70,000",1,2,A403-810 Humboldt St ,Victoria BC,
"$2,800,000",0,0,3186-3190 Ayton Pl ,Langford BC,
"$999,990",2,1,2635 Victor St ,Victoria BC,
"$1,800,000",6,4,2482 Skedans Rd ,Langford BC,
"$749,900",3,3,103-593 Hansen Ave ,Langford BC,
"$735,000",2,2,318-1620 McKenzie Ave ,Saanich BC,
"$1,250,000",0,0,3490 Bethune Ave ,Saanich BC,
"$1,099,000",4,4,15-2330 Sooke Rd ,Colwood BC,
"$749,900",2,2,317-405 Quebec St ,Victoria BC,
"$711,000",2,1,2329/2333 Sooke Rd ,Colwood BC,
"$599,000",0,0,LOT 25-2158 Millstream Rd ,Langford BC,
"$335,000",2,1,610-647 Michigan St ,Victoria BC,
"$1,275,000",4,3,2437 Sooke Rd ,Colwood BC,
"$5,995,000",2,4,1201-21 Dallas Rd ,Victoria BC,
"$1,275,000",3,2,2441 Sooke Rd ,Colwood BC,
"$1,450,000",3,1,2433 Sooke Rd ,Colwood BC,
"$875,000",2,1,C4-1 Dallas Rd ,Victoria BC,
"$1,149,000",6,2,3620 Harriet Rd ,Saanich BC,
"$969,900",3,3,31-3080 Washington Ave ,Victoria BC,
"$990,800",3,3,937 Peace Keeping Cres ,Langford BC,
"$399,900",2,2,205-1875 Lansdowne Rd ,Saanich BC,
"$210,000",1,1,305-1070 Southgate St ,Victoria BC,
"$4,490,000",2,3,902 Walfred Rd ,Langford BC,
"$749,000",1,1,407-916 Lyall St ,Esquimalt BC,
"$645,000",1,1,702-845 Yates St ,Victoria BC,
"$1,039,000",2,2,206-5120 Cordova Bay Rd ,Saanich BC,
"$1,349,000",2,3,808-1400 Lynburne Pl ,Langford BC,
"$1,850,000",4,4,659 Medalist Ave ,Colwood BC,
"$1,176,177",3,3,Lot 4 Olympian Way ,Langford BC,
"$1,171,177",3,3,Lot 2 Olympian Way ,Langford BC,
"$1,095,127",3,3,Lot 1 Olympian Way ,Langford BC,
"$2,390,000",3,4,1023 Joan Cres ,Victoria BC,
"$1,085,727",3,3,Lot 9 Olympian Way ,Langford BC,
"$809,900",3,2,211-1075 Tillicum Rd ,Esquimalt BC,
"$569,900",1,2,203-1075 Tillicum Rd ,Esquimalt BC,
"$1,100,127",3,3,Lot 3 Olympian Way ,Langford BC,
"$399,900",1,1,615-1075 Tillicum Rd ,Esquimalt BC,
"$320,000",1,1,201-3277 Quadra St ,Saanich BC,
"$1,064,527",3,3,Lot 14 Olympian Way ,Langford BC,
"$1,699,000",5,4,3436 Caldera Crt ,Langford BC,
"$1,500,000",6,4,1220 Knockan Pl ,Saanich BC,
"$2,225,800",1,0,B-2341 Sooke Rd ,Colwood BC,
"$1,168,777",3,3,Lot 11 Olympian Way ,Langford BC,
"$1,148,777",3,3,Lot 12 Olympian Way ,Langford BC,
"$1,084,527",3,3,Lot 13 Olympian Way ,Langford BC,
"$1,229,615",3,2,A-2341 Sooke Rd ,Colwood BC,
"$429,000",1,1,403-1012 Pakington St ,Victoria BC,
"$645,000",3,2,B-592 Donovan Ave ,Colwood BC,
"$189,900",3,2,150-2500 Florence Lake Rd ,Langford BC,
"$1,129,999",3,3,108-2576 Obsidian Pl ,Langford BC,
"$535,000",1,1,308-881 Short St ,Saanich BC,
"$899,000",4,2,472 Tipton Ave ,Colwood BC,
"$2,488,000",3,3,9-300 Plaskett Pl ,Esquimalt BC,
"$1,065,727",3,3,Lot 10 Olympian Way ,Langford BC,
"$1,042,127",3,3,Lot 7 Olympian Way ,Langford BC,
"$739,000",2,2,2-307 Moss St ,Victoria BC,
"$2,325,000",6,4,1034 Coachwood Pl ,Saanich BC,
"$1,649,888",5,4,3427 Caldera Crt ,Langford BC,
"$549,900",2,2,301-2220 Sooke Rd ,Colwood BC,
"$599,000",2,2,106-935 Johnson St ,Victoria BC,
"$1,164,900",4,4,1301 Centauri Dr ,Langford BC,
"$635,000",2,2,305-101 Nursery Hill Dr ,View Royal BC,
"$1,149,900",6,3,838 Tomack Loop ,Langford BC,
"$991,828",4,4,2768 Celestial Crt ,Langford BC,
"$1,212,000",0,0,949 Convent Pl ,Victoria BC,
"$1,300,000",0,0,2341 Howard Rd ,Victoria BC,
"$1,100,000",2,2,403-630 Montreal St ,Victoria BC,
"$1,212,000",4,5,949 Convent Pl ,Victoria BC,
"$1,200,000",3,2,2345 Howard St ,Victoria BC,
"$1,300,000",4,2,2341 Howard St ,Victoria BC,
"$1,200,000",0,0,2345 Howard Rd ,Victoria BC,
"$499,000",2,2,406-3260 Quadra St ,Saanich BC,
"$600,000",1,1,1209-989 Johnson St ,Victoria BC,
"$639,900",2,2,302-1831 Oak Bay Ave ,Victoria BC,
"$1,295,000",2,2,111-10 Paul Kane Pl ,Victoria BC,
"$1,644,500",6,6,2310 kami Crt ,View Royal BC,
"$2,995,000",0,0,1933 Crescent Rd ,Oak Bay BC,
"$1,099,999",3,3,103-2576 Obsidian Pl ,Langford BC,
"$1,849,900",2,2,198 Goward Rd ,Saanich BC,
"$599,000",2,2,305-406 Simcoe St ,Victoria BC,
"$980,000",3,1,421 Terrahue Rd ,Colwood BC,
"$636,900",3,3,2-661 Hoylake Ave ,Langford BC,
"$2,799,900",4,4,2231 Riviera Pl ,Langford BC,
"$975,000",2,2,105-550 Michigan St ,Victoria BC,
"$875,000",2,2,4-800 St. Charles St ,Victoria BC,
"$289,000",2,1,6-1498 Admirals Rd ,View Royal BC,
"$1,042,127",3,3,Lot 8 Olympian Way ,Langford BC,
"$627,900",2,2,208-286 Wilfert Rd ,View Royal BC,
"$850,000",3,3,313-90 Regatta Landing ,Victoria BC,
"$529,900",2,2,214-290 Island Hwy ,View Royal BC,
"$1,499,999",5,4,2559 Obsidian Pl ,Langford BC,
"$729,900",3,4,402-2130 Sooke Rd ,Colwood BC,
"$998,000",2,1,3343 Maplewood Rd ,Saanich BC,
"$1,030,877",3,3,Lot 5 Olympian Way ,Langford BC,
"$1,149,999",3,3,102-2576 Obsidian Pl ,Langford BC,
"$1,395,000",4,3,952 Richmond Ave ,Victoria BC,
"$549,000",0,0,LOT 32 Goldstream Heights Dr ,Shawnigan Lake BC,
"$1,119,999",3,3,110-2576 Obsidian Pl ,Langford BC,
"$999,000",3,2,404-605 Douglas St ,Victoria BC,
"$1,149,000",5,3,3394 Rockwood Terr ,Colwood BC,
"$1,099,999",3,3,105-2576 Obsidian Pl ,Langford BC,
"$1,450,000",4,3,2317 Nicklaus Dr ,Langford BC,
"$1,849,999",3,1,3587 Happy Valley Rd ,Langford BC,
"$968,888",3,2,2661 Millpond Terr ,Langford BC,
"$449,900",2,1,305-2747 Quadra St ,Victoria BC,
"$879,000",3,1,1355 Finlayson St ,Victoria BC,
"$3,400,000",6,8,1789 York Ridge Pl ,Highlands BC,
"$899,900",3,3,920 Walfred Rd ,Langford BC,
"$1,474,999",5,4,2543 Obsidian Pl ,Langford BC,
"$1,139,000",3,3,TH 7-370 Waterfront Cres ,Victoria BC,
"$599,500",2,2,206-623 Treanor Ave ,Langford BC,
"$559,000",2,2,104-356 Gorge Rd E ,Victoria BC,
"$579,900",2,2,604-842 Orono Ave ,Langford BC,
"$568,000",2,2,214-899 Darwin Ave ,Saanich BC,
"$449,900",2,2,309-1560 Hillside Ave ,Victoria BC,
"$560,000",2,3,18-3341 Mary Anne Cres ,Colwood BC,
"$1,199,000",3,3,1213 Cumberland Crt ,Saanich BC,
"$2,400,000",0,0,1243 Goldstream Ave ,Langford BC,
"$1,850,000",4,3,4512 Wilkinson Rd ,Saanich BC,
"$899,000",3,3,19 Eaton Ave ,View Royal BC,
"$899,900",0,0,1394 Sandstone Lane ,Langford BC,
"$799,888",2,1,2601 Millstream Rd ,Langford BC,
"$1,479,999",5,4,2547 Obsidian Pl ,Langford BC,
"$699,000",0,0,Prop lot 2-4240 Shelbourne St ,Saanich BC,
"$649,000",2,2,203-1020 View St ,Victoria BC,
"$1,799,900",4,5,513 Gurunank Lane ,Colwood BC,
"$4,395,000",9,6,5228 OLD WEST SAANICH Rd ,Saanich BC,
"$246,900",1,1,113-964 Heywood Ave ,Victoria BC,
"$499,900",2,2,201-1052 Rockland Ave ,Victoria BC,
"$849,888",3,4,3462 Vision Way ,Langford BC,
"$756,900",3,3,62-255 Caspian Dr ,Colwood BC,
"$1,249,999",4,3,3334 Sandpiper St ,Colwood BC,
"$999,999",4,3,2104 Longspur Dr ,Langford BC,
"$499,900",0,0,2104 Longspur Dr ,Langford BC,
"$1,449,999",5,4,2519 Obsidian Pl ,Langford BC,
"$1,474,999",5,4,2551 Obsidian Pl ,Langford BC,
"$1,895,000",5,5,2120 Nicklaus Dr ,Langford BC,
"$1,199,900",4,4,1298 Centauri Dr ,Langford BC,
"$1,879,800",4,4,800 Bexhill Pl ,Colwood BC,
"$799,000",3,3,113-2130 Triangle Trail ,Langford BC,
"$2,995,000",3,4,1025 Terrace Ave ,Victoria BC,
"$599,900",2,2,202-918 Jenkins Ave ,Langford BC,
"$2,600,000",0,0,121 Menzies St ,Victoria BC,
"$469,900",1,1,204-918 Jenkins Ave ,Langford BC,
"$659,900",2,2,401-918 Jenkins Ave ,Langford BC,
"$439,000",0,0,LOT 20 Arbutus Crossing ,Shawnigan Lake BC,
"$1,550,000",4,4,4240 Springridge Cres ,Saanich BC,
"$564,900",1,1,1220 Drifter End ,Langford BC,
"$734,900",2,3,2854 Caster Pl ,Langford BC,
"$744,900",2,3,2847 Caster Pl ,Langford BC,
"$1,039,900",5,4,2754 Raycroft Pl ,Langford BC,
"$839,900",2,2,2823 Caster Pl ,Langford BC,
"$724,900",2,3,2840 Caster Pl ,Langford BC,
"$899,900",2,2,1222 Drifter End ,Langford BC,
"$724,900",2,3,2852 Caster Pl ,Langford BC,
"$734,900",2,3,2838 Caster Pl ,Langford BC,
"$659,900",2,2,2860 Caster Pl ,Langford BC,
"$634,900",1,1,2861 Caster Pl ,Langford BC,
"$669,900",2,2,2858 Caster Pl ,Langford NL,
"$689,900",2,2,2839 Caster Pl ,Langford BC,
"$564,900",1,1,1219 Drifter End ,Langford BC,
"$739,900",2,1,2817 Caster Pl ,Langford NL,
"$759,900",2,3,2845 Caster Pl ,Langford BC,
"$629,000",0,0,506 Langvista Dr ,Langford BC,
"$1,650,000",4,4,822 Cuaulta Cres ,Colwood BC,
"$1,650,000",3,3,3905 Olympian Way ,Colwood BC,
"$2,100,000",2,2,201-470 Head St ,Esquimalt BC,
"$965,000",3,3,5-4630 Lochside Dr ,Saanich BC,
"$3,675,000",3,4,1562 Despard Ave ,Victoria BC,
"$699,000",3,2,909 Turnstone Ridge ,Langford BC,
"$569,900",1,1,1221 Drifter End ,Langford BC,
"$2,890,000",0,0,1120 May St ,Victoria BC,
"$398,000",2,2,301-1025 INVERNESS ROAD ,SAANICH BC,
"$899,999",3,3,1313 Gabbro Lane ,Langford BC,
"$579,000",0,0,3451 Resolution Way ,Colwood BC,
"$1,795,000",0,0,62 LINDEN Ave ,Victoria BC,
"$3,195,000",3,4,1212 Dallas Rd ,Victoria BC,
"$459,000",1,1,509-1150 Cook St ,Victoria BC,
"$1,299,000",5,5,4939 Sooke Rd ,Metchosin BC,
"$728,800",0,0,121 Camli Pl ,Langford BC,
"$1,299,999",4,4,2528 Obsidian Pl ,Langford BC,
"$549,900",1,1,1005-989 Johnson St ,Victoria BC,
"$519,900",1,1,A204-1102 Esquimalt Rd ,Esquimalt BC,
"$534,900",1,1,A408-1102 Esquimalt Rd ,Esquimalt BC,
"$749,900",2,2,B402-1102 Esquimalt Rd ,Esquimalt BC,
"$859,900",2,3,TH3-1102 Esquimalt Rd ,Esquimalt BC,
"$649,000",0,0,2552-2554 Mill Hill Rd ,Langford BC,
"$4,190,000",0,0,3494 Wishart Rd ,Colwood BC,
"$4,190,000",0,0,3494 Wishart Rd ,Colwood BC,
"$1,599,000",4,4,533 Elevation Pointe Lane ,Colwood BC,
"$375,000",1,1,203-399 Tyee Rd ,Victoria BC,
"$999,999",3,3,2-633 Nelson St ,Esquimalt BC,
"$1,195,000",5,4,236 Lone Oak Pl ,Langford BC,
"$1,849,900",4,4,3913 Olympian Way ,Colwood BC,
"$1,195,000",4,4,234 Lone Oak Pl ,Langford BC,
"$1,095,000",4,3,232 Lone Oak Pl ,Langford BC,
"$1,095,000",4,4,230 Lone Oak Pl ,Langford BC,
"$875,000",4,4,921 Cavalcade Terr ,Langford BC,
"$764,000",2,2,1204-1150 Cook St ,Victoria BC,
"$9,000,000",0,0,3901 Shelbourne St ,Saanich BC,
"$1,100,000",2,2,604-525 Broughton St ,Victoria BC,
"$1,139,900",4,4,685 Goldie Ave ,Langford BC,
"$419,000",2,2,77-2500 Florence Lake Rd ,Langford BC,
"$475,900",0,1,312-515 Chatham St ,Victoria BC,
"$439,000",0,0,Lot 9 Goldstream Heights Dr ,Shawnigan Lake BC,
"$1,099,900",3,3,3393 Sandpiper St ,Colwood BC,
"$2,500,000",7,4,2511 Florence Lake Rd ,Langford BC,
"$1,750,000",4,3,2509 Florence Lake Rd ,Langford BC,
"$2,750,000",0,0,1400 Fairfield Rd ,Victoria BC,
"$1,375,000",3,3,289 Seafield Rd ,Colwood BC,
"$1,219,999",4,4,2524 Sandstone Hts ,Langford BC,
"$1,109,999",4,4,2536 Sandstone Hts ,Langford BC,
"$1,099,999",4,4,2514 Sandstone Hts ,Langford BC,
"$979,999",3,3,2513 Sandstone Hts ,Langford BC,
"$1,039,500",5,3,825 Leota Pl ,Saanich BC,
"$427,500",1,1,101 A-1224 Richardson St ,Victoria BC,
"$427,500",1,1,201 A-1224 Richardson St ,Victoria BC,
"$339,900",1,1,115-1009 McKenzie Ave ,Saanich BC,
"$999,999",3,3,2507 Sandstone Hts ,Langford BC,
"$999,999",3,3,2505 Sandstone Hts ,Langford BC,
"$884,999",3,3,2504 Sandstone Hts ,Langford BC,
"$1,298,000",0,0,2342 Lairds Gate ,Langford BC,
"$999,900",3,3,3368 Ryder Hesjedal Way ,Colwood BC,
"$1,800,000",4,4,1153 Spirit Crt ,Langford BC,
"$1,500,000",3,2,1044 Burdett Ave ,Victoria BC,
"$449,900",1,1,407-654 Granderson Rd ,Langford BC,
"$3,549,000",2,3,206-888 Government St ,Victoria BC,
"$989,000",4,3,120 Trailhead Cir ,Shawnigan Lake BC,
"$539,900",1,1,B305-1102 Esquimalt Rd ,Esquimalt BC,
"$899,900",3,3,3356 Ryder Hesjedal Way ,Colwood BC,
"$849,999",3,3,982 Citation Rd ,Langford BC,
"$885,999",4,4,984 Citation Rd ,Langford BC,
"$1,499,999",6,3,1521 San Juan Ave ,Saanich BC,
"$475,000",1,1,202 A-1224 Richardson St ,Victoria BC,
"$625,000",2,1,101B-1224 Richardson St ,Victoria BC,
"$475,000",1,1,102 A-1224 Richardson St ,Victoria BC,
"$1,728,000",2,3,3812 Rowland Ave ,Saanich BC,
"$30,000,000",0,0,3025 Manzer Rd ,Sooke BC,
"$252,000",1,1,A507(JJAS)-810 Humboldt St ,Victoria BC,
"$1,500,000",0,0,2694 Myra Pl ,View Royal BC,
"$724,900",2,1,B204-1102 Esquimalt Rd ,Esquimalt BC,
"$899,900",3,3,TH5-1102 Esquimalt Rd ,Esquimalt BC,
"$2,250,000",4,3,431 Parry St ,Victoria BC,
"$569,000",2,2,402-654 Granderson Rd ,Langford BC,
"$549,900",1,1,106-654 Granderson Rd ,Langford BC,
"$589,900",2,2,308-654 Granderson Rd ,Langford BC,
"$3,400,000",4,7,4948 Nagle Rd ,Sooke BC,
"$1,399,900",2,3,BPH1-1102 Esquimalt Rd ,Esquimalt BC,
"$549,900",1,1,B405-1102 Esquimalt Rd ,Esquimalt BC,
"$559,000",1,1,1406-1150 Cook St ,Victoria BC,
"$950,000",0,0,5005 Sooke Hanger Dr ,Sooke BC,
"$7,800,000",3,3,1017-21 Dallas Rd ,Victoria BC,
"$1,397,000",4,0,2766 Scafe Rd ,Langford BC,
"$1,305,300",5,3,2754 Scafe Rd ,Langford BC,
"$3,499,000",3,3,501-888 Government St ,Victoria BC,
"$2,200,000",4,2,2727 Scafe Rd ,Langford BC,
"$9,299,900",3,4,PH701-888 Government St ,Victoria BC,
"$2,949,000",2,3,311-521 Courtney St ,Victoria BC,
"$35,000",1,1,B401-810 Humboldt St ,Victoria BC,
"$1,299,000",1,2,409-521 Courtney St ,Victoria BC,
"$3,998,888",0,0,4082 Blenkinsop St ,Saanich BC,
"$4,950,000",0,0,1028 Finlayson Arm Rd ,Langford BC,
"$149,900",0,0,Lot 32 COOPER ROAD ,Invermere BC,
"$117,900",0,0,Lot 34 COOPER ROAD ,Invermere BC,
"$2,000,000",4,2,3804 Rowland Ave ,Saanich BC,
"$2,000,000",5,2,3798 Rowland Ave ,Saanich BC,
"$950,000",3,3,3 795 Central Spur Rd ,Victoria BC,
"$524,900",2,2,206 949 Cloverdale Rd ,Saanich BC,
"$1,149,900",3,2,3342 Sandpiper St ,Colwood BC,
"$629,900",2,2,425 920 Reunion Ave ,Langford BC,
"$740,000",2,2,#203 -286 WILFER RD ,Victoria BC,
"$156,900",0,0,Lot 30 COOPER ROAD ,Invermere BC,
"$1,728,000",1,1,3808 Rowland Ave ,Saanich BC,
"$1,728,000",1,1,3810 Rowland Ave ,Saanich BC,
"$699,000",2,2,310-1400 Lynburne Pl ,Langford BC,
"$149,900",5,2,B 311 BETTCHER STREET ,Quesnel BC,
"$619,000",1,1,105 916 Lyall St ,Esquimalt BC,
"$125,900",0,0,Lot 38 COOPER ROAD ,Invermere BC,
"$1,900,000",2,1,3814 Rowland Ave ,Saanich BC,
"$669,900",2,2,2858 Caster Pl ,Langford BC,
"$739,900",2,1,2817 Caster Pl ,Langford BC,
"$459,000",0,0,Lot 11 Goldstream Heights Dr ,Malahat BC,
"$425,000",1,1,103 866 Goldstream Ave ,Langford BC,
